City_ID,City,Country,Lat,Lng,Max Temp,Humidity,Cloudiness,Wind Speed,Current Description
0,Saint George,US,37.1041,-113.5841,32.79,59,1,6.91,clear sky
1,Hobyo,SO,5.3505,48.5268,79.36,84,55,14.18,broken clouds
2,Kapaa,US,22.0752,-159.319,71.19,84,75,8.05,moderate rain
3,Naqadeh,IR,36.9553,45.388,26.87,77,19,4.32,few clouds
4,Mataura,NZ,-46.1927,168.8643,60.48,75,100,0.6,overcast clouds
5,Busselton,AU,-33.65,115.3333,64.09,78,0,16.06,clear sky
6,Fortuna,US,40.5982,-124.1573,53.94,91,90,8.01,light rain
7,Zyryanka,RU,65.75,150.85,-29.06,97,69,9.4,broken clouds
8,Kimbe,PG,-5.5502,150.1429,76.24,94,100,2.13,moderate rain
9,Hobart,AU,-42.8794,147.3294,57.06,74,90,1.01,overcast clouds
10,Pevek,RU,69.7008,170.3133,29.14,73,99,30.27,overcast clouds
11,Ushuaia,AR,-54.8,-68.3,46.06,42,75,27.63,broken clouds
12,Norman Wells,CA,65.282,-126.8329,-32.76,68,75,11.5,broken clouds
13,Longyearbyen,SJ,78.2186,15.6401,4.84,51,73,27.63,broken clouds
14,Launceston,AU,-41.45,147.1667,62.62,79,90,1.01,overcast clouds
15,Japura,ID,-0.3167,102.35,74.28,95,98,2.46,overcast clouds
16,Pisco,PE,-13.7,-76.2167,70.02,83,20,10.36,few clouds
17,Avarua,CK,-21.2078,-159.775,77.05,88,20,6.91,few clouds
18,Mitsamiouli,KM,-11.3847,43.2844,88.09,66,20,9.22,few clouds
19,Severo-Yeniseyskiy,RU,60.3725,93.0408,4.68,96,100,3.98,light snow
20,Albany,US,42.6001,-73.9662,23.16,76,100,1.01,overcast clouds
21,Provideniya,RU,64.3833,-173.3,7.39,98,53,0.92,broken clouds
22,Hamilton,US,39.1834,-84.5333,28.24,71,1,5.01,clear sky
23,Puerto Ayora,EC,-0.7393,-90.3518,76.96,77,71,7.76,broken clouds
24,Chokurdakh,RU,70.6333,147.9167,-16.28,99,100,3.33,light snow
25,Punta Arenas,CL,-53.15,-70.9167,46.51,53,75,9.22,broken clouds
26,Sitka,US,57.0531,-135.33,26.49,50,90,11.5,overcast clouds
27,Saint-Georges,GD,12.0564,-61.7485,83.88,70,75,18.41,broken clouds
28,Thompson,CA,55.7435,-97.8558,-25.44,68,90,5.75,overcast clouds
29,Tazovskiy,RU,67.4667,78.7,-18.96,97,100,12.86,overcast clouds
30,Port Shepstone,ZA,-30.7414,30.455,74.3,90,100,12.64,light rain
31,Roald,NO,62.5833,6.1333,36.16,75,40,11.5,scattered clouds
32,Rikitea,PF,-23.1203,-134.9692,77.22,67,87,3.67,overcast clouds
33,Zhangjiakou,CN,40.81,114.8794,18.82,41,0,3.53,clear sky
34,Faanui,PF,-16.4833,-151.75,78.8,78,100,8.97,light rain
35,Hofn,IS,64.2539,-15.2082,30.22,64,20,20.71,few clouds
36,Half Moon Bay,US,37.4636,-122.4286,51.01,87,90,1.01,overcast clouds
37,Konya,TR,38.1667,32.5,36.88,51,86,5.75,overcast clouds
38,Omboue,GA,-1.5746,9.2618,80.24,79,78,7.94,broken clouds
39,Ancud,CL,-41.8697,-73.8203,64.42,76,100,14.45,light rain
40,Hermanus,ZA,-34.4187,19.2345,71.91,66,83,9.95,broken clouds
41,Egvekinot,RU,66.3167,-179.1667,16.92,97,100,5.06,overcast clouds
42,Tarko-Sale,RU,64.9225,77.785,9.07,95,100,14.58,light snow
43,Faya,SA,18.3851,42.4509,55.51,84,88,7.09,overcast clouds
44,Casino,AU,-28.8667,153.05,73.35,68,56,11.5,broken clouds
45,Atuona,PF,-9.8,-139.0333,78.13,75,24,17.92,light rain
46,Carnarvon,AU,-24.8667,113.6333,75.27,83,90,23.02,overcast clouds
47,Jamestown,US,42.097,-79.2353,20.3,47,100,4.0,overcast clouds
48,Naudero,PK,27.6648,68.3622,64.42,24,61,4.61,broken clouds
49,Guerrero Negro,MX,27.9769,-114.0611,57.61,55,78,8.48,broken clouds
50,Petropavlovsk-Kamchatskiy,RU,53.0452,158.6483,5.59,78,0,11.18,clear sky
51,Cape Town,ZA,-33.9258,18.4232,73.11,59,0,3.0,clear sky
52,Hasaki,JP,35.7333,140.8333,30.49,53,45,7.72,scattered clouds
53,Chicama,PE,-7.8447,-79.1469,63.14,60,10,9.1,clear sky
54,Homestead,US,25.4687,-80.4776,82.02,78,40,10.36,scattered clouds
55,Butaritari,KI,3.0707,172.7902,80.4,68,50,12.12,scattered clouds
56,General Pico,AR,-35.6566,-63.7568,89.47,21,1,6.53,clear sky
57,Dikson,RU,73.5069,80.5464,-36.58,95,30,6.69,scattered clouds
58,Port Alfred,ZA,-33.5906,26.891,72.79,81,85,18.54,overcast clouds
59,Tuatapere,NZ,-46.1333,167.6833,60.82,88,100,1.83,light rain
60,Bredasdorp,ZA,-34.5322,20.0403,71.28,60,100,10.36,overcast clouds
61,Saskylakh,RU,71.9167,114.0833,-51.86,100,73,2.37,broken clouds
62,Lamovita,BA,44.9256,16.9072,48.92,87,100,2.3,overcast clouds
63,Cherskiy,RU,68.75,161.3,30.52,74,100,20.33,overcast clouds
64,Hilo,US,19.7297,-155.09,71.62,84,1,8.05,light rain
65,Druzhba,UA,52.0428,33.9453,35.01,100,100,10.54,light rain
66,Lensk,RU,60.7253,114.9278,-8.61,100,100,1.81,overcast clouds
67,Kayerkan,RU,69.3497,87.7602,-32.94,92,22,4.27,few clouds
68,Lebu,CL,-37.6167,-73.65,62.01,94,100,11.05,overcast clouds
69,Bluff,NZ,-46.6,168.3333,60.8,85,100,2.71,overcast clouds
70,Vaini,TO,-21.2,-175.2,78.96,21,90,17.27,light intensity shower rain
71,Orzhytsya,UA,49.7918,32.7012,39.63,90,100,16.98,overcast clouds
72,Nishihara,JP,26.1842,127.7558,60.08,77,20,3.44,few clouds
73,Teguise,ES,29.0605,-13.564,66.42,78,0,3.44,clear sky
74,Chernyshevskiy,RU,63.0128,112.4714,-48.46,100,60,1.72,broken clouds
75,Sao Joao Da Barra,BR,-21.6403,-41.0511,84.29,83,100,6.82,overcast clouds
76,Andenes,NO,69.3143,16.1194,30.18,80,75,20.71,broken clouds
77,Nueva Helvecia,UY,-34.3,-57.2333,89.15,32,12,8.05,few clouds
78,Bonthe,SL,7.5264,-12.505,88.38,52,84,12.35,broken clouds
79,Upernavik,GL,72.7868,-56.1549,-8.48,91,58,7.61,broken clouds
80,Saint-Pierre,RE,-21.3393,55.4781,82.29,64,20,10.36,few clouds
81,Beidao,CN,34.5686,105.8933,33.98,80,98,0.92,overcast clouds
82,Mar Del Plata,AR,-38.0023,-57.5575,86.02,35,0,16.11,clear sky
83,Cervo,ES,43.6702,-7.4101,65.19,65,100,18.52,overcast clouds
84,Lincoln,US,40.8,-96.667,22.28,77,1,1.99,clear sky
85,Padang,ID,-0.9492,100.3543,78.85,87,81,3.44,broken clouds
86,Kavieng,PG,-2.5744,150.7967,81.09,80,100,10.76,moderate rain
87,Gedo,ET,9.0167,37.45,60.8,54,99,3.56,overcast clouds
88,Mahebourg,MU,-20.4081,57.7,80.26,78,75,10.36,broken clouds
89,Kruisfontein,ZA,-34.0033,24.7314,75.88,75,62,14.58,broken clouds
90,Carutapera,BR,-1.195,-46.02,85.89,64,31,6.49,scattered clouds
91,Ponta Do Sol,PT,32.6667,-17.1,76.12,11,9,3.09,clear sky
92,Manali,IN,13.1667,80.2667,79.07,79,33,10.51,scattered clouds
93,Broome,US,42.2506,-75.833,22.84,79,75,3.0,light snow
94,Lokosovo,RU,61.1333,74.8167,19.27,94,100,9.48,light snow
95,Yellowknife,CA,62.456,-114.3525,-34.58,85,1,11.5,clear sky
96,Tasiilaq,GL,65.6145,-37.6368,19.56,64,100,6.69,overcast clouds
97,Bud,US,39.447,-86.1758,28.49,80,13,3.94,few clouds
98,Margate,GB,51.3813,1.3862,51.96,80,100,1.99,overcast clouds
99,Arraial Do Cabo,BR,-22.9661,-42.0278,87.76,66,75,12.66,broken clouds
100,Hithadhoo,MV,-0.6,73.0833,82.47,70,11,2.04,few clouds
101,Micheweni,TZ,-4.9667,39.8333,81.88,76,0,13.87,clear sky
102,Itoman,JP,26.1247,127.6694,60.82,77,70,3.44,broken clouds
103,Tabas,IR,33.5959,56.9244,53.2,62,83,6.24,broken clouds
104,Chifeng,CN,42.2683,118.9636,14.79,38,0,5.86,clear sky
105,Pemangkat,ID,1.1667,108.9667,77.77,84,87,1.83,moderate rain
106,Tiksi,RU,71.6872,128.8694,-21.23,99,100,4.97,overcast clouds
107,Luanda,AO,-8.8368,13.2343,82.4,74,40,10.36,scattered clouds
108,Victoria,HK,22.2855,114.1577,66.18,82,2,1.01,clear sky
109,Kouango,CF,4.9934,19.9619,93.61,24,92,3.71,overcast clouds
110,Maragogi,BR,-9.0122,-35.2225,84.27,61,60,11.3,broken clouds
111,Deputatskiy,RU,69.3,139.9,-23.66,99,100,3.44,light snow
112,Alyangula,AU,-13.8483,136.4192,76.87,100,100,2.3,overcast clouds
113,Bilma,NE,18.6853,12.9164,67.98,29,100,3.78,overcast clouds
114,Mount Gambier,AU,-37.8333,140.7667,57.11,62,90,11.5,overcast clouds
115,Fenoarivo,MG,-18.933,47.4354,71.67,83,75,6.91,light rain
116,Mahanoro,MG,-19.9,48.8,79.52,80,95,3.94,overcast clouds
117,Tuktoyaktuk,CA,69.4541,-133.0374,-25.6,68,40,8.05,scattered clouds
118,Bosaso,SO,11.2842,49.1816,77.58,71,3,5.75,clear sky
119,Mocuba,MZ,-16.8392,36.9856,75.09,93,100,4.14,moderate rain
120,Cabo San Lucas,MX,22.8909,-109.9124,70.52,86,40,1.01,scattered clouds
121,Barrow,US,71.2906,-156.7887,-29.18,99,20,10.36,few clouds
122,Kyrylivka,UA,46.3759,35.3675,43.9,92,100,20.8,overcast clouds
123,Walvis Bay,NA,-22.9575,14.5053,67.15,68,0,12.66,clear sky
124,Bathsheba,BB,13.2167,-59.5167,84.81,54,20,24.16,few clouds
125,Khatanga,RU,71.9667,102.5,-54.65,99,50,4.12,scattered clouds
126,Havre-Saint-Pierre,CA,50.2334,-63.5986,7.39,65,1,11.5,clear sky
127,Port Arthur,CN,38.8,121.2667,33.91,95,0,13.8,clear sky
128,Airai,TL,-8.9266,125.4092,61.61,96,95,0.89,overcast clouds
129,Eyemouth,GB,55.8713,-2.0901,39.24,65,100,15.75,light rain
130,Kavaratti,IN,10.5669,72.642,82.0,67,11,4.97,few clouds
131,Muros,ES,42.7762,-9.0603,60.85,93,100,19.22,overcast clouds
132,Sorland,NO,67.667,12.6934,39.06,75,90,24.16,overcast clouds
133,Khrebtovaya,RU,56.7032,104.2494,14.61,96,100,4.68,light snow
134,La Ronge,CA,55.1001,-105.2842,-25.35,68,20,3.44,few clouds
135,Kodiak,US,57.79,-152.4072,17.11,67,90,19.57,light snow
136,Teplodar,UA,46.5059,30.3252,40.64,75,100,7.94,overcast clouds
137,Vila Franca Do Campo,PT,37.7167,-25.4333,60.19,83,100,13.65,overcast clouds
138,Okhotsk,RU,59.3833,143.3,-3.42,98,100,9.57,overcast clouds
139,Bambous Virieux,MU,-20.3428,57.7575,80.22,78,75,10.36,broken clouds
140,Bageshwar,IN,29.85,79.7667,47.8,47,10,3.18,clear sky
141,Leningradskiy,RU,69.3833,178.4167,31.59,72,100,10.2,overcast clouds
142,Dno,RU,57.8277,29.9637,21.7,97,100,4.0,overcast clouds
143,Dingle,PH,10.9995,122.6711,75.18,82,100,11.05,overcast clouds
144,Qaanaaq,GL,77.484,-69.3632,-6.38,66,70,6.89,broken clouds
145,Kaitangata,NZ,-46.2817,169.8464,56.26,78,100,3.02,overcast clouds
146,Lompoc,US,34.6391,-120.4579,52.12,83,1,4.61,clear sky
147,Diego De Almagro,CL,-26.3667,-70.05,81.1,19,0,9.64,clear sky
148,Loukhi,RU,66.0764,33.0381,-11.49,100,100,2.53,overcast clouds
149,San Carlos Del Zulia,VE,9.0,-71.9135,84.76,60,96,4.32,overcast clouds
150,Shingu,JP,33.7333,135.9833,40.69,71,0,8.3,clear sky
151,Prado,BR,-17.3411,-39.2208,82.27,65,100,10.13,overcast clouds
152,Voyvozh,RU,62.892,54.9635,1.54,99,100,0.81,overcast clouds
153,Derzhavinsk,KZ,51.1,66.3167,33.12,98,100,16.78,light snow
154,Inhambane,MZ,-23.865,35.3833,84.18,74,40,9.22,scattered clouds
155,Wamba,NG,8.9333,8.6,91.51,14,94,5.08,overcast clouds
156,Makakilo City,US,21.3469,-158.0858,68.32,88,20,4.61,light rain
157,Turukhansk,RU,65.8167,87.9833,-13.83,92,95,12.93,overcast clouds
158,Severodvinsk,RU,64.5635,39.8302,5.11,99,97,3.85,overcast clouds
159,Katsuura,JP,35.1333,140.3,50.02,67,1,9.82,clear sky
160,Aneho,TG,6.2333,1.6,91.6,61,81,13.31,broken clouds
161,Kungurtug,RU,50.5994,97.5228,-5.37,93,84,1.92,broken clouds
162,Cap Malheureux,MU,-19.9842,57.6142,80.47,67,80,1.01,broken clouds
163,Beloha,MG,-25.1667,45.05,75.61,70,34,15.84,scattered clouds
164,Husavik,IS,66.0449,-17.3389,28.31,89,100,20.51,light snow
165,New Norfolk,AU,-42.7826,147.0587,56.7,66,97,0.51,overcast clouds
166,Northampton,US,40.8754,-75.2499,30.04,67,100,3.0,snow
167,Dukat,RU,62.55,155.55,-5.96,100,96,4.21,overcast clouds
168,Ndele,CF,8.4109,20.6473,88.23,18,72,6.31,broken clouds
169,Hachinohe,JP,40.5,141.5,30.81,80,83,9.8,broken clouds
170,Esperance,AU,-33.8667,121.9,64.24,81,99,14.16,overcast clouds
171,Trelew,AR,-43.249,-65.3051,84.22,22,99,29.95,overcast clouds
172,Shimoda,JP,34.6667,138.95,43.11,61,0,26.93,clear sky
173,Lakes Entrance,AU,-37.8811,147.981,61.57,88,17,1.41,few clouds
174,La Palma,US,33.8464,-118.0467,58.5,78,1,0.0,clear sky
175,Bethel,US,41.3712,-73.414,30.04,57,1,1.01,light snow
176,East London,ZA,-33.0153,27.9116,74.34,83,75,16.11,broken clouds
177,Clyde River,CA,70.4692,-68.5914,-0.17,85,100,25.32,light snow
178,Sept-Iles,CA,50.2001,-66.3821,2.05,66,20,5.01,few clouds
179,Solnechnyy,RU,50.7214,136.6319,-17.95,97,72,2.73,broken clouds
180,Elk City,US,35.412,-99.4043,31.98,69,1,0.0,clear sky
181,Sao Filipe,CV,14.8961,-24.4956,76.03,58,100,6.91,overcast clouds
182,Schwandorf,DE,49.3262,12.1093,47.98,82,100,9.31,overcast clouds
183,Langarud,IR,37.197,50.1535,48.25,87,100,5.3,overcast clouds
184,Kantyshevo,RU,43.2264,44.6381,29.86,86,75,8.95,broken clouds
185,Nicoya,CR,10.1483,-85.452,81.95,53,99,13.13,overcast clouds
186,Pangnirtung,CA,66.1451,-65.7125,19.4,73,75,10.36,broken clouds
187,Narsaq,GL,60.9167,-46.05,44.82,84,100,10.02,light rain
188,Ribeira Grande,PT,38.5167,-28.7,61.2,51,20,14.97,few clouds
189,Katobu,ID,-4.9408,122.5276,75.83,90,100,0.63,heavy intensity rain
190,Port Hedland,AU,-20.3167,118.5667,84.25,79,63,11.5,broken clouds
191,Nikolskoye,RU,59.7035,30.7861,21.4,95,99,6.15,overcast clouds
192,Moron,AR,-34.6534,-58.6198,98.02,55,1,1.99,clear sky
193,Casas Grandes,MX,30.3667,-107.95,39.76,32,27,2.71,scattered clouds
194,Yar-Sale,RU,66.8333,70.8333,-6.0,98,100,17.63,light snow
195,Prata,BR,-19.3072,-48.9242,81.01,63,60,9.08,broken clouds
196,Puerto Del Rosario,ES,28.5004,-13.8627,69.55,83,0,6.91,clear sky
197,Vilyuysk,RU,63.7553,121.6247,-49.61,100,81,1.03,broken clouds
198,Pulsano,IT,40.3821,17.3564,59.22,71,40,1.01,scattered clouds
199,Port Lincoln,AU,-34.7333,135.8667,58.6,75,1,12.97,clear sky
200,Dumas,US,35.8656,-101.9732,26.74,68,1,11.5,clear sky
201,Puerto Baquerizo Moreno,EC,-0.9,-89.6,74.39,83,75,13.8,broken clouds
202,Namibe,AO,-15.1961,12.1522,79.43,61,0,17.27,clear sky
203,Washougal,US,45.5826,-122.3534,42.76,95,90,4.61,light rain
204,Vanderhoof,CA,54.0166,-124.0198,-12.42,97,100,9.19,snow
205,Simao,CN,22.7886,100.9748,52.45,97,83,2.08,broken clouds
206,Bengkulu,ID,-3.8004,102.2655,75.7,89,95,3.83,overcast clouds
207,Vao,NC,-22.6667,167.4833,78.49,82,100,18.84,overcast clouds
208,Livramento,BR,-3.0254,-60.1803,86.67,70,75,6.91,broken clouds
209,Garden City,US,42.3256,-83.331,24.82,78,20,0.0,few clouds
210,Fort Saint James,CA,54.4333,-124.25,-11.0,98,100,6.08,snow
211,Sola,VU,-13.8833,167.55,79.45,84,100,9.48,overcast clouds
212,Dicabisagan,PH,17.0818,122.4157,71.96,76,83,5.57,broken clouds
213,Srisailam,IN,16.0833,78.8667,65.66,77,8,3.76,clear sky
214,Thinadhoo,MV,0.5333,72.9333,81.48,74,3,1.99,clear sky
215,Pundaguitan,PH,6.3711,126.1689,78.82,82,96,12.35,overcast clouds
216,Port Elizabeth,ZA,-33.918,25.5701,78.1,73,40,11.5,scattered clouds
217,Mago,RU,53.2514,140.1822,-28.79,99,43,1.21,scattered clouds
218,Luderitz,NA,-26.6481,15.1594,69.28,65,0,24.9,clear sky
219,Camabatela,AO,-8.1881,15.375,66.38,95,100,3.09,light rain
220,Surt,LY,31.2089,16.5887,62.06,70,41,9.6,scattered clouds
221,Iqaluit,CA,63.7506,-68.5145,8.33,78,90,18.01,snow
222,Kitimat,CA,54.0524,-128.6534,19.78,90,100,6.38,overcast clouds
223,Vinh,VN,18.6667,105.6667,66.22,88,100,2.95,overcast clouds
224,Sur,OM,22.5667,59.5289,77.74,69,74,14.67,broken clouds
225,Muisne,EC,0.6,-80.0333,80.71,84,100,10.54,overcast clouds
226,Ennis,IE,52.8436,-8.9864,49.93,76,75,24.16,broken clouds
227,Sao Gabriel Da Cachoeira,BR,-0.1303,-67.0892,85.8,70,75,3.44,broken clouds
228,Gurmatkal,IN,16.8667,77.4,70.54,46,35,6.49,scattered clouds
229,Taybad,IR,34.74,60.7756,52.09,65,100,5.26,overcast clouds
230,Vila Velha,BR,-20.3297,-40.2925,87.75,69,75,14.0,broken clouds
231,Pasni,PK,25.2631,63.471,73.67,69,69,13.96,broken clouds
232,Concordia,AR,-31.393,-58.0209,93.27,52,0,8.05,clear sky
233,Roma,US,43.2128,-75.4557,17.08,53,96,5.66,overcast clouds
234,Wuhan,CN,30.5833,114.2667,51.89,42,100,4.99,overcast clouds
235,Aitape,PG,-3.1374,142.3475,78.01,88,91,8.59,overcast clouds
236,Viedma,AR,-40.8135,-62.9967,84.72,24,51,24.61,broken clouds
237,Lorengau,PG,-2.0226,147.2712,81.95,76,100,12.84,overcast clouds
238,Pouebo,NC,-20.4,164.5667,78.19,87,30,3.83,scattered clouds
239,Comodoro Rivadavia,AR,-45.8667,-67.5,78.66,22,98,33.38,dust
240,San Juan Bautista,PE,-14.0108,-75.7358,65.17,43,61,8.19,broken clouds
241,Lucapa,AO,-8.4192,20.7447,72.59,90,100,3.31,moderate rain
242,Kalmunai,LK,7.4167,81.8167,76.15,89,29,8.75,scattered clouds
243,Skibbereen,IE,51.55,-9.2667,49.8,83,92,24.43,overcast clouds
244,Pudozh,RU,61.8099,36.5345,-14.01,100,98,2.57,overcast clouds
245,Jacmel,HT,18.2342,-72.5347,84.04,53,6,4.59,clear sky
246,Karabulak,RU,43.3036,44.8964,31.19,71,100,4.27,overcast clouds
247,Chuy,UY,-33.6971,-53.4616,91.74,40,0,8.86,clear sky
248,Durazno,UY,-33.4131,-56.5006,93.15,40,0,5.75,clear sky
249,Yulara,AU,-25.2406,130.9889,93.04,18,35,14.97,scattered clouds
250,Puntarenas,CR,9.9763,-84.8384,89.53,58,100,5.03,overcast clouds
251,Georgetown,MY,5.4112,100.3354,82.33,78,20,5.99,few clouds
252,Rawson,AR,-43.3002,-65.1023,81.54,27,97,29.28,overcast clouds
253,Pafos,CY,34.7667,32.4167,60.71,55,20,10.36,few clouds
254,Esperanza,DO,19.5847,-70.9849,81.09,63,1,5.99,clear sky
255,Saint Anthony,US,45.0205,-93.218,15.49,79,1,1.99,clear sky
256,San Patricio,US,28.017,-97.5169,45.93,37,0,5.03,clear sky
257,Santa Rosa,PH,14.3122,121.1114,78.78,72,98,13.76,overcast clouds
258,Riyadh,SA,24.6877,46.7219,57.34,44,1,9.57,clear sky
259,Coquimbo,CL,-29.9533,-71.3436,67.73,72,20,13.8,few clouds
260,Saint-Philippe,RE,-21.3585,55.7679,82.22,77,77,9.1,broken clouds
261,Castro,BR,-24.7911,-50.0119,82.81,43,21,8.37,few clouds
262,Betioky,MG,-23.7167,44.3833,88.75,28,0,15.66,clear sky
263,Rundu,NA,-17.9333,19.7667,84.51,41,59,6.33,light rain
264,Teacapan,MX,22.55,-105.75,71.6,60,4,7.43,clear sky
265,Ixtapa,MX,20.7,-105.2,65.43,88,1,3.44,clear sky
266,Gamba,GA,-2.65,10.0,80.69,77,35,7.74,scattered clouds
267,Homer,US,59.6425,-151.5483,8.47,47,1,10.36,clear sky
268,Kisangani,CD,0.5167,25.2,75.56,88,75,3.44,broken clouds
269,Rach Gia,VN,10.0167,105.0833,75.15,82,86,7.4,overcast clouds
270,Ravar,IR,31.2656,56.8055,54.79,48,7,7.23,clear sky
271,Geraldton,AU,-28.7667,114.6,70.21,88,75,10.36,broken clouds
272,Severo-Kurilsk,RU,50.6789,156.125,27.68,70,88,20.15,overcast clouds
273,Tura,IN,25.5198,90.2201,57.7,66,0,2.51,clear sky
274,Waipawa,NZ,-41.4122,175.5153,61.45,83,97,3.6,overcast clouds
275,Male,MV,4.1748,73.5089,84.15,79,75,20.71,broken clouds
276,Koungou,YT,-12.7336,45.2042,78.51,94,90,3.44,overcast clouds
277,Mweka,CD,-4.85,21.5667,70.74,98,100,1.59,light rain
278,Mahibadhoo,MV,3.7833,72.9667,80.78,82,45,15.82,scattered clouds
279,Port Macquarie,AU,-31.4333,152.9167,67.96,100,90,9.22,overcast clouds
280,Pokaran,IN,26.9167,71.9167,68.58,30,8,7.94,clear sky
281,Craig,US,40.5153,-107.5464,8.22,84,1,0.0,clear sky
282,Laguna,US,38.421,-121.4238,45.41,93,1,4.61,clear sky
283,Erzin,TR,36.9559,36.2,57.92,35,32,1.14,scattered clouds
284,Mecca,SA,21.4267,39.8261,69.69,47,6,10.67,clear sky
285,Yerbogachen,RU,61.2767,108.0108,-11.99,98,100,3.83,light snow
286,Ciudad Bolivar,VE,8.1222,-63.5497,87.24,37,24,9.93,few clouds
287,Aryanah,TN,36.8601,10.1934,60.67,67,20,2.3,few clouds
288,Acapulco,MX,16.8634,-99.8901,78.62,78,1,9.22,clear sky
289,Kostomuksha,RU,64.571,30.5767,0.81,96,100,4.76,overcast clouds
290,Praia Da Vitoria,PT,38.7333,-27.0667,61.75,72,20,16.91,few clouds
291,Ust-Maya,RU,60.4167,134.5333,-35.25,100,100,1.5,overcast clouds
292,Gat,IL,31.61,34.7642,59.68,7,13,7.9,few clouds
293,Adrar,MR,20.5022,-10.0711,78.1,13,0,13.76,clear sky
294,Qaqortoq,GL,60.7167,-46.0333,45.1,79,100,14.0,light rain
295,Ambon,ID,-3.6954,128.1814,77.14,88,40,8.05,scattered clouds
296,Sao Jose Da Coroa Grande,BR,-8.8978,-35.1478,83.88,62,56,10.0,broken clouds
297,Bara,NG,10.3744,10.7288,83.55,18,77,10.78,broken clouds
298,Dondo,MZ,-19.6094,34.7431,83.71,80,99,7.2,overcast clouds
299,Dunedin,NZ,-45.8742,170.5036,59.47,73,100,4.09,overcast clouds
300,Belaya Gora,RU,68.5333,146.4167,-22.0,99,100,3.47,light snow
301,Opuwo,NA,-18.0607,13.84,91.04,14,52,18.37,broken clouds
302,Grand Gaube,MU,-20.0064,57.6608,80.38,67,80,1.01,broken clouds
303,Aklavik,CA,68.2191,-135.0107,-20.2,69,75,6.91,broken clouds
304,Pryazha,RU,61.6926,33.6216,-1.17,99,99,4.47,overcast clouds
305,Kahului,US,20.8947,-156.47,76.84,86,1,0.0,light rain
306,Ust-Kuyga,RU,70.0167,135.6,-32.22,99,100,4.94,light snow
307,Kedougou,SN,12.5579,-12.1743,95.58,17,0,6.91,clear sky
308,Srednekolymsk,RU,67.45,153.6833,-21.78,94,93,14.61,overcast clouds
309,Neiafu,TO,-18.65,-173.9833,77.68,100,90,9.22,overcast clouds
310,Tahoua,NE,14.8888,5.2692,78.78,17,92,14.97,dust
311,Umarkot,PK,25.3616,69.7362,72.55,31,73,6.6,broken clouds
312,Cidreira,BR,-30.1811,-50.2056,82.33,66,77,9.62,broken clouds
313,Abu Dhabi,AE,24.4667,54.3667,75.31,71,0,5.75,clear sky
314,Prestea,GH,5.4327,-2.1428,90.18,46,100,5.64,overcast clouds
315,Flinders,AU,-34.5833,150.8552,70.81,86,41,1.99,scattered clouds
316,Pahrump,US,36.2083,-115.9839,39.18,24,45,3.09,scattered clouds
317,Stornoway,GB,58.2093,-6.3865,37.36,76,75,5.99,broken clouds
318,Bismarck,US,46.8083,-100.7837,18.46,92,40,6.91,scattered clouds
319,Poum,NC,-20.2333,164.0167,80.2,76,87,8.01,overcast clouds
320,Yakeshi,CN,49.2833,120.7333,-28.53,100,41,3.24,scattered clouds
321,Pilar,BR,-9.5972,-35.9567,84.13,54,93,11.07,overcast clouds
322,Wukari,NG,7.85,9.7833,91.87,13,67,9.19,broken clouds
323,Fare,PF,-16.7,-151.0167,78.73,79,100,10.6,light rain
324,Mahon,ES,39.8885,4.2658,54.16,82,90,5.75,overcast clouds
325,Ostrovnoy,RU,68.0531,39.5131,15.71,84,100,16.64,light snow
326,Vostok,RU,46.4856,135.8833,-11.96,99,100,3.49,overcast clouds
327,Ukiah,US,39.1502,-123.2078,47.82,90,90,12.66,overcast clouds
328,Springfield,US,37.2153,-93.2982,25.2,80,0,3.0,clear sky
329,Lavrentiya,RU,65.5833,-171.0,-1.44,99,86,2.66,overcast clouds
330,Saint-Joseph,RE,-21.3667,55.6167,81.21,75,80,8.86,broken clouds
331,Karratha,AU,-20.7377,116.8463,84.81,60,19,14.88,light rain
332,San Quintin,MX,30.4833,-115.95,55.89,54,32,6.8,scattered clouds
333,Uusikaupunki,FI,60.8004,21.4084,32.52,99,100,5.7,overcast clouds
334,Dinar,TR,38.065,30.1656,46.18,45,50,1.77,scattered clouds
335,Malanje,AO,-9.5402,16.341,71.31,90,99,6.44,light rain
336,Seymchan,RU,62.8833,152.4333,-32.08,100,75,1.7,broken clouds
337,Eslov,SE,55.8393,13.3039,44.74,91,89,14.45,overcast clouds
338,Sidi Ali,DZ,36.0998,0.4206,61.45,53,7,0.98,clear sky
339,Bandarbeyla,SO,9.4942,50.8122,78.17,78,73,9.48,broken clouds
340,Bintulu,MY,3.1667,113.0333,77.41,88,40,1.01,scattered clouds
341,Nioro,GM,13.35,-15.75,96.3,7,82,8.66,broken clouds
342,Waingapu,ID,-9.6567,120.2641,79.56,83,100,5.44,overcast clouds
343,Petropavlovka,RU,50.6114,105.3196,-8.84,94,25,3.53,scattered clouds
344,Tayu,ID,-6.5397,111.0518,74.8,80,100,8.81,overcast clouds
345,Constitucion,CL,-35.3333,-72.4167,69.46,68,7,11.59,clear sky
346,Ritchie,ZA,-29.038,24.6028,90.61,10,52,4.83,broken clouds
347,Boralday,KZ,43.3578,76.8594,35.46,64,75,8.95,smoke
348,Gorbanesti,RO,47.7833,26.85,52.29,72,100,11.79,overcast clouds
349,Fairmont,US,39.4851,-80.1426,29.39,79,100,1.01,overcast clouds
350,Darnah,LY,32.767,22.6367,60.37,73,0,10.29,clear sky
351,Lewistown,US,40.5992,-77.5714,28.17,81,1,14.97,light snow
352,Sinegorye,RU,62.0788,150.477,-21.48,95,87,2.51,overcast clouds
353,Portree,GB,57.4129,-6.1942,39.85,82,36,13.47,scattered clouds
354,Wanning,CN,18.8003,110.3967,68.9,85,75,6.91,broken clouds
355,San Ignacio,BZ,17.1561,-89.0714,73.54,94,90,6.91,overcast clouds
356,Beringovskiy,RU,63.05,179.3167,24.22,92,100,9.57,overcast clouds
357,Genhe,CN,50.7833,121.5167,-26.79,99,10,2.46,clear sky
358,Labuhan,ID,-6.8844,112.2051,77.95,81,79,11.9,broken clouds
359,Oussouye,SN,12.485,-16.5469,96.98,15,85,4.41,overcast clouds
360,Yarmouth,US,41.7057,-70.2286,38.14,77,90,18.99,light rain
361,Spencer,US,43.1414,-95.1444,18.23,72,1,0.0,clear sky
362,Conde,BR,-7.2597,-34.9075,81.86,78,75,13.8,broken clouds
363,Santa Catalina,PH,9.3337,122.8637,76.82,86,100,9.44,overcast clouds
364,Antigonish,CA,45.6169,-61.9986,27.75,83,94,4.0,overcast clouds
365,Polonnaruwa,LK,7.9333,81.0,72.3,97,40,1.41,scattered clouds
366,Port Blair,IN,11.6667,92.75,79.95,74,71,11.14,broken clouds
367,Casale Monferrato,IT,45.1334,8.4571,52.41,87,100,3.42,overcast clouds
368,Batticaloa,LK,7.7102,81.6924,77.09,87,59,11.12,broken clouds
369,Yaring,TH,6.8662,101.3689,79.14,82,91,12.68,overcast clouds
370,Tateyama,JP,34.9833,139.8667,49.93,53,20,17.27,few clouds
371,Almenara,BR,-16.1836,-40.6944,75.96,85,100,1.16,overcast clouds
372,Butembo,CD,0.15,29.2833,62.73,86,96,1.23,light rain
373,Ligayan,PH,4.6533,119.4706,79.23,82,100,5.41,light rain
374,Mount Isa,AU,-20.7333,139.5,78.57,78,80,1.14,broken clouds
375,Saldanha,ZA,-33.0117,17.9442,71.65,74,83,24.81,broken clouds
376,Atlantic Beach,US,30.3344,-81.3987,57.09,64,20,5.01,few clouds
377,Alofi,NU,-19.0595,-169.9187,76.89,94,90,5.75,moderate rain
378,Raudeberg,NO,61.9875,5.1352,33.58,90,89,1.99,light snow
379,Henties Bay,NA,-22.116,14.2845,64.85,77,2,13.35,clear sky
380,Tilichiki,RU,60.4667,166.1,31.15,94,100,30.82,snow
381,Meulaboh,ID,4.1363,96.1285,76.26,89,58,3.18,light rain
382,Malatya,TR,38.5,38.0,30.25,47,40,4.61,scattered clouds
383,Berlevag,NO,70.8578,29.0864,15.75,62,0,11.5,clear sky
384,Catazaja,MX,17.725,-92.0167,68.85,98,100,12.39,overcast clouds
385,Pontianak,ID,-0.0333,109.3333,78.78,94,20,0.0,light rain
386,Arkadak,RU,51.9326,43.4978,14.49,95,100,11.16,light snow
387,Santa Fe,AR,-31.6333,-60.7,97.75,27,36,4.05,light rain
388,Port-Gentil,GA,-0.7193,8.7815,84.16,79,40,10.36,light rain
389,Daru,PG,-9.0763,143.2092,77.61,91,100,7.47,overcast clouds
390,Sobolevo,RU,54.4299,31.8996,18.95,97,97,5.97,overcast clouds
391,Sakaiminato,JP,35.55,133.2333,39.18,75,75,3.44,broken clouds
392,Tabou,CI,4.423,-7.3528,82.11,73,94,3.96,light rain
393,Bodden Town,KY,19.2833,-81.25,81.93,80,75,7.0,broken clouds
394,Menongue,AO,-14.6585,17.691,77.86,56,100,3.27,overcast clouds
395,Tyrma,RU,50.0833,132.1667,-28.79,99,63,1.68,broken clouds
396,Shenzhen,CN,22.5455,114.0683,66.07,91,1,4.45,clear sky
397,Buraydah,SA,26.326,43.975,55.85,46,93,9.6,overcast clouds
398,Mackay,AU,-21.15,149.2,75.18,94,97,4.61,overcast clouds
399,Saint Austell,GB,50.3383,-4.7658,52.03,93,75,12.66,broken clouds
400,Nanortalik,GL,60.1432,-45.2371,33.08,96,100,25.79,snow
401,Ust-Nera,RU,64.5667,143.2,-17.88,96,100,3.96,overcast clouds
402,Tynda,RU,55.1667,124.7167,-28.61,98,10,3.11,clear sky
403,Banjar,ID,-8.19,114.9675,80.46,87,100,4.88,overcast clouds
404,Ambilobe,MG,-13.2,49.05,77.7,89,100,2.44,moderate rain
405,Karatuzskoye,RU,53.6072,92.8667,9.01,94,74,3.91,broken clouds
406,Aranos,NA,-24.1333,19.1167,99.1,6,30,22.7,scattered clouds
407,Idanre,NG,7.1127,5.1159,93.7,16,99,2.51,overcast clouds
408,Phan Thiet,VN,10.9333,108.1,74.05,80,100,7.54,overcast clouds
409,Warrington,GB,53.3925,-2.5802,51.46,76,40,8.01,scattered clouds
410,Saint-Francois,FR,46.4154,3.9054,54.84,76,75,5.75,broken clouds
411,Caranavi,BO,-15.8167,-67.55,79.23,73,89,2.77,overcast clouds
412,Verkhoyansk,RU,67.5447,133.385,-38.7,95,100,2.73,overcast clouds
413,Port Hardy,CA,50.6996,-127.4199,36.75,100,40,5.75,scattered clouds
414,Raha,IN,26.2333,92.5167,61.97,64,22,1.74,few clouds
415,Rio Grande,BR,-32.035,-52.0986,89.71,57,100,7.4,overcast clouds
416,Bijie,CN,27.3125,105.2942,41.14,97,100,3.76,overcast clouds
417,Tual,ID,-5.6667,132.75,82.09,81,88,14.65,overcast clouds
418,Cantagallo,CO,7.376,-73.9196,84.78,61,96,0.96,overcast clouds
419,Macusani,PE,-14.0833,-70.4333,54.48,40,36,3.89,scattered clouds
420,Fort Myers Beach,US,26.452,-81.9481,71.62,72,90,4.0,overcast clouds
421,Jibuti,DJ,11.5,42.5,76.42,72,6,10.87,clear sky
422,Kidal,ML,18.4411,1.4078,75.81,17,0,10.04,clear sky
423,Tombouctou,ML,20.0,-3.0,76.91,12,0,13.04,clear sky
424,Capao Bonito,BR,-24.0058,-48.3494,89.67,36,31,1.86,scattered clouds
425,Fuerte Olimpo,PY,-21.0415,-57.8738,104.86,27,5,5.55,clear sky
426,Labytnangi,RU,66.6572,66.4183,-8.52,97,100,19.28,light snow
427,Bandar-E Lengeh,IR,26.5579,54.8807,68.11,60,0,6.91,clear sky
428,Bereda,ES,43.2686,-7.5406,61.14,71,99,11.01,overcast clouds
429,Koslan,RU,63.4564,48.8989,2.71,96,100,4.56,overcast clouds
430,Bahia Blanca,AR,-38.7196,-62.2724,87.6,22,56,16.64,broken clouds
431,Nome,US,64.5011,-165.4064,-9.83,76,1,0.0,clear sky
432,Jumla,NP,29.2747,82.1838,32.32,65,1,5.64,clear sky
433,Vaitape,PF,-16.5167,-151.75,78.75,78,100,9.04,light rain
434,Agirish,RU,61.9247,63.0231,-3.48,98,96,5.7,overcast clouds
435,Garissa,KE,-0.4536,39.6401,88.92,39,41,6.73,scattered clouds
436,Avera,US,33.194,-82.5271,47.08,57,10,16.75,clear sky
437,Powell River,CA,49.8496,-124.5361,41.0,93,75,8.05,broken clouds
438,Ostrovskoye,RU,57.8057,42.2433,-10.59,100,61,2.64,broken clouds
439,Tacoaleche,MX,22.8167,-102.4167,37.85,56,0,4.94,clear sky
440,Eloy,US,32.7559,-111.5548,49.87,31,24,1.92,few clouds
441,High Level,CA,58.5169,-117.136,-25.49,68,90,11.5,light snow
442,Grindavik,IS,63.8424,-22.4338,28.87,69,0,13.8,clear sky
443,Nuuk,GL,64.1835,-51.7216,27.21,100,90,10.36,light snow
444,Peniche,PT,39.3558,-9.3811,68.88,93,94,12.21,overcast clouds
445,Shetpe,KZ,44.1667,52.1167,24.85,73,86,8.95,overcast clouds
446,Vila Do Maio,CV,15.1333,-23.2167,81.39,63,83,13.42,broken clouds
447,Hambantota,LK,6.1241,81.1185,77.34,100,75,11.5,broken clouds
448,Yumen,CN,40.2833,97.2,19.92,43,57,0.43,broken clouds
449,Vrangel,RU,42.7297,133.0839,15.24,70,42,12.01,scattered clouds
450,Maniitsoq,GL,65.4167,-52.9,27.88,85,100,14.16,light snow
451,Camopi,GF,3.1655,-52.3158,78.35,90,98,5.35,overcast clouds
452,Port-Cartier,CA,50.0334,-66.8654,1.74,76,19,7.83,few clouds
453,Hendek,TR,40.7994,30.7481,50.32,60,87,5.46,overcast clouds
454,Trinidad,BO,-14.8333,-64.9,87.78,74,40,14.97,scattered clouds
455,Cittanova,IT,38.3552,16.0798,54.34,88,71,8.79,broken clouds
456,Pryozerne,UA,45.2698,36.3303,48.06,87,100,23.47,overcast clouds
457,Gallatin,US,45.6666,-111.2008,28.89,82,1,0.0,clear sky
458,Sigli,ID,5.3848,95.9609,78.33,83,34,4.21,scattered clouds
459,Agadez,NE,19.75,10.25,66.6,28,23,10.29,few clouds
460,Naze,JP,28.3667,129.4833,56.5,62,6,6.96,clear sky
461,Kosino,RU,58.4127,51.2782,-0.04,98,98,7.27,overcast clouds
462,Christchurch,NZ,-43.5333,172.6333,61.95,86,90,1.01,overcast clouds
463,Babayurt,RU,43.6002,46.7789,33.96,55,89,2.39,overcast clouds
464,Eureka,US,40.8021,-124.1637,54.21,79,100,8.99,overcast clouds
465,Klaksvik,FO,62.2266,-6.589,36.52,94,100,56.24,overcast clouds
466,Turbat,PK,26.0023,63.044,70.36,61,94,15.08,overcast clouds
467,Lata,PT,40.1629,-8.3327,68.49,55,66,5.64,broken clouds
468,Maneadero,MX,31.7167,-116.5667,54.57,45,17,3.8,few clouds
469,Sisimiut,GL,66.9395,-53.6735,20.3,67,82,13.73,broken clouds
470,Yatou,CN,37.15,122.3833,32.76,66,7,8.72,clear sky
471,Bay Roberts,CA,47.5999,-53.2648,34.52,79,85,13.0,overcast clouds
472,Dakar,SN,14.6937,-17.4441,92.28,39,0,11.5,clear sky
473,Talnakh,RU,69.4865,88.3972,-32.22,93,28,5.97,scattered clouds
474,Mandalgovi,MN,45.7625,106.2708,10.49,38,1,8.93,clear sky
475,Grand-Lahou,CI,5.1367,-5.0242,84.92,63,69,8.14,broken clouds
476,Kisumu,KE,-0.1022,34.7617,75.47,66,85,5.73,overcast clouds
477,Ryotsu,JP,38.0833,138.4333,35.67,85,88,4.74,overcast clouds
478,Peddapuram,IN,17.0833,82.1333,78.89,80,0,5.23,clear sky
479,Hastings,GB,50.8552,0.5729,51.98,79,100,17.49,overcast clouds
480,Ulaangom,MN,49.9811,92.0667,-17.48,94,92,2.68,overcast clouds
481,Hervey Bay,AU,-25.2986,152.8535,75.02,82,0,3.0,clear sky
482,Codrington,AU,-38.2667,141.9667,55.29,73,73,11.81,broken clouds
483,Lerwick,GB,60.1545,-1.1494,39.2,67,86,38.07,overcast clouds
484,Tarakan,ID,3.3,117.6333,78.3,89,90,1.14,overcast clouds
485,Tabon,PH,9.2388,117.9946,74.8,93,100,5.68,overcast clouds
486,Kutum,SD,14.2,24.6667,63.97,28,75,11.23,broken clouds
487,Port Hawkesbury,CA,45.6169,-61.3485,28.78,71,90,16.11,light snow
488,Pochutla,MX,15.7432,-96.4661,82.81,41,0,4.05,clear sky
489,Te Anau,NZ,-45.4167,167.7167,55.51,92,100,0.78,overcast clouds
490,Kisesa,TZ,-3.0833,34.15,68.9,83,50,6.24,scattered clouds
491,Ulladulla,AU,-35.35,150.4667,67.1,90,70,1.32,broken clouds
492,Puerto Penasco,MX,31.3167,-113.5333,37.38,65,20,9.22,few clouds
493,San Cristobal,VE,7.7669,-72.225,75.38,38,97,6.35,overcast clouds
494,Miandrivazo,MG,-19.5167,45.4667,87.46,55,63,11.43,broken clouds
495,Amapa,BR,1.0,-52.0,81.72,76,100,4.09,overcast clouds
496,Mandali,IQ,33.7499,45.5541,50.36,72,100,2.68,overcast clouds
497,Araouane,ML,18.9048,-3.5265,77.88,14,0,12.5,clear sky
498,Shushtar,IR,32.0455,48.8567,58.23,53,61,4.03,broken clouds
499,El Alto,PE,-4.2714,-81.2147,78.46,63,94,13.09,overcast clouds
500,Abalak,RU,58.1286,68.5944,24.24,96,100,10.02,light snow
501,Svetlyy,RU,54.675,20.1347,42.85,94,100,15.12,overcast clouds
502,Baglung,NP,28.2719,83.5898,50.76,73,19,4.12,few clouds
503,Samarai,PG,-10.6167,150.6667,80.91,80,92,7.65,overcast clouds
504,Delmas,HT,18.5447,-72.3028,83.12,42,20,12.66,few clouds
505,Bonavista,CA,48.6499,-53.1147,32.11,75,100,27.94,overcast clouds
506,Tigil,RU,57.8,158.6667,-1.55,100,91,2.24,overcast clouds
507,Chapais,CA,49.7834,-74.8492,-15.02,92,83,5.53,broken clouds
508,Vardo,NO,70.3705,31.1107,17.58,86,90,8.05,light shower snow
509,Price,US,39.5994,-110.8107,12.42,78,1,0.0,clear sky
510,Filadelfia,US,39.9523,-75.1638,32.95,80,90,5.01,snow
511,La Cruz,MX,23.9167,-106.9,68.68,45,26,3.27,scattered clouds
512,Athens,GR,37.9795,23.7162,61.9,69,0,1.01,clear sky
513,Puerto Lempira,HN,15.2667,-83.7667,77.14,88,75,0.0,broken clouds
514,Kashi,CN,39.4547,75.9797,29.26,58,75,2.24,broken clouds
515,Mantua,IT,45.1667,10.7833,47.82,94,93,1.99,overcast clouds
516,Aborlan,PH,9.4352,118.5492,75.78,93,100,8.34,overcast clouds
517,Dolores,AR,-36.3132,-57.6792,100.02,17,3,9.08,clear sky
518,Kitui,KE,-1.367,38.0106,66.52,80,68,4.97,broken clouds
519,Kununurra,AU,-15.7667,128.7333,85.98,74,71,5.75,light rain
520,Buala,SB,-8.145,159.5921,80.31,84,100,7.74,light rain
521,Teguldet,RU,57.3064,88.1667,16.11,91,99,7.05,overcast clouds
522,Bay City,US,43.5945,-83.8889,21.94,74,90,5.99,overcast clouds
523,Torbay,CA,47.6666,-52.7314,33.76,82,75,29.93,broken clouds
524,Alihe,CN,50.5667,123.7167,-13.25,90,11,3.33,few clouds
525,West Bay,KY,19.3667,-81.4167,82.06,77,75,1.99,broken clouds
526,Richards Bay,ZA,-28.783,32.0377,78.12,80,69,7.67,broken clouds
527,Micoud,LC,13.8167,-60.9,84.18,56,20,26.46,few clouds
528,Davila,PH,18.4726,120.5763,75.18,72,34,12.33,scattered clouds
529,Vanavara,RU,60.34,102.2797,-2.67,99,100,1.99,overcast clouds
530,Saint-Paul,RE,-21.0096,55.2707,81.73,79,96,3.29,overcast clouds
531,Honiara,SB,-9.4333,159.95,77.95,85,93,6.87,overcast clouds
532,Zhezkazgan,KZ,47.8043,67.7144,30.72,99,100,9.82,overcast clouds
533,Haines Junction,CA,60.7522,-137.5108,-16.65,52,100,4.61,overcast clouds
534,Akdepe,TM,42.0551,59.3788,33.89,96,94,13.31,overcast clouds
535,Shenjiamen,CN,29.9576,122.298,50.52,71,0,1.7,clear sky
536,Ahipara,NZ,-35.1667,173.1667,59.81,86,45,2.42,scattered clouds
537,Boksitogorsk,RU,59.474,33.8485,10.74,93,96,7.25,overcast clouds
538,Marzuq,YE,14.4,46.4667,69.19,69,46,7.99,scattered clouds
539,Tromso,NO,69.6496,18.957,24.82,74,75,5.01,broken clouds
540,Tucuman,AR,-26.8241,-65.2226,89.6,55,0,3.44,clear sky
541,Tautira,PF,-17.7333,-149.15,78.82,81,100,17.98,light rain
542,Anqing,CN,30.5092,117.0506,48.79,37,21,4.85,few clouds
543,Souillac,MU,-20.5167,57.5167,80.37,78,75,10.36,broken clouds
544,Luau,AO,-10.7073,22.2247,75.85,76,99,2.91,light rain
545,Bambanglipuro,ID,-7.95,110.2833,76.41,79,100,2.75,overcast clouds
546,Pascagoula,US,30.3658,-88.5561,40.03,74,75,13.8,broken clouds
547,Ca Mau,VN,9.1769,105.15,76.3,77,88,8.34,overcast clouds
548,Garlasco,IT,45.1974,8.9238,53.19,88,100,4.12,overcast clouds
549,Golyshmanovo,RU,56.3979,68.3728,26.44,92,100,17.56,overcast clouds
550,Mana,GF,5.6592,-53.7767,81.5,66,29,11.07,scattered clouds
551,Portland,US,45.5234,-122.6762,41.86,93,90,3.0,overcast clouds
552,Jambi,ID,-1.6,103.6167,74.5,94,86,2.82,overcast clouds
553,Odweyne,SO,9.4092,45.064,77.23,36,67,7.96,broken clouds
554,Assen,NL,52.9967,6.5625,50.11,72,75,13.0,broken clouds
555,Celestun,MX,20.8667,-90.4,72.91,75,100,20.0,overcast clouds
556,Hede,CN,33.7681,120.2517,38.35,79,3,4.12,clear sky
557,Nouakchott,MR,18.0858,-15.9785,87.73,24,100,11.99,overcast clouds
558,Gornyak,RU,50.9942,81.4661,17.28,76,99,7.74,overcast clouds
559,Taicheng,CN,38.731,113.228,23.79,34,65,1.32,broken clouds
560,Ouadda,CF,8.0777,22.4007,85.41,22,98,5.39,overcast clouds
561,Iquique,CL,-20.2208,-70.1431,73.44,65,0,8.88,clear sky
562,Ahuimanu,US,21.4447,-157.8378,69.51,93,75,4.61,light rain
563,Marang,MY,5.2056,103.2059,78.71,91,72,7.43,broken clouds
564,Northam,GB,51.0333,-4.2167,52.02,91,100,14.23,overcast clouds
565,Salamanca,ES,40.8333,-6.0,62.38,70,68,9.46,broken clouds
566,Natal,BR,-5.795,-35.2094,88.02,66,75,16.11,broken clouds
567,Goderich,CA,43.7501,-81.7165,20.91,67,97,10.36,light snow
568,Puerto Carreno,CO,6.189,-67.4859,84.18,58,20,16.11,few clouds
569,Bayji,IQ,34.9311,43.487,48.34,79,16,4.79,few clouds
570,Bairiki,KI,1.3292,172.9752,80.6,83,40,9.22,scattered clouds
571,Lagoa,PT,39.05,-27.9833,57.22,55,63,14.7,broken clouds
572,Barra Do Bugres,BR,-15.0725,-57.1811,87.98,64,10,6.53,clear sky
573,Xiaoweizhai,CN,26.1903,107.5125,50.14,99,97,2.39,overcast clouds
574,Urucara,BR,-2.5364,-57.76,88.68,52,99,5.21,overcast clouds
575,Finschhafen,PG,-6.6024,147.8681,79.99,84,100,5.84,overcast clouds
576,Victor Harbor,AU,-35.5667,138.6167,61.0,76,22,3.0,few clouds
577,Merritt,CA,50.1123,-120.7942,25.45,97,100,2.75,overcast clouds
578,Bosanska Kostajnica,HR,45.2159,16.5444,49.98,88,96,2.62,overcast clouds
579,Chulman,RU,56.8479,124.9104,-45.8,100,73,1.45,broken clouds
580,Alaca,TR,40.1683,34.8425,34.43,52,63,5.01,broken clouds
581,Pringsewu,ID,-5.3582,104.9744,74.73,91,100,5.35,overcast clouds
582,Krasnoselkup,RU,65.7,82.4667,-2.69,98,100,12.37,overcast clouds
583,Xiongyue,CN,40.1774,122.1228,21.42,49,0,6.93,clear sky
584,Afua,BR,-0.1567,-50.3867,80.76,84,100,4.47,moderate rain
585,Portadown,GB,54.4241,-6.4412,43.39,77,100,16.17,light rain
586,Teluknaga,ID,-6.0989,106.6381,83.17,69,20,8.01,few clouds
587,Sechura,PE,-5.5569,-80.8222,76.98,58,59,6.62,broken clouds
588,Voh,NC,-20.9667,164.7,76.57,92,14,3.83,few clouds
589,San Isidro,PE,-12.1167,-77.05,72.25,80,40,1.01,scattered clouds
590,Isoka,ZM,-10.1606,32.6335,71.19,74,97,2.06,light rain
591,Alindao,CF,5.0267,21.2088,87.1,37,98,4.36,overcast clouds
592,Sant Julia De Loria,AD,42.4625,1.4825,56.79,54,0,0.0,clear sky
593,Bubaque,GW,11.2833,-15.8333,81.19,43,100,5.5,overcast clouds
594,Balkanabat,TM,39.5108,54.3671,43.0,66,100,3.8,overcast clouds
595,Bom Jesus,BR,-9.0744,-44.3586,78.71,86,95,3.87,overcast clouds
596,Bilyayivka,UA,46.4832,30.2168,41.47,74,100,7.7,overcast clouds
597,Gillette,US,44.2911,-105.5022,28.24,55,1,5.99,clear sky
598,Escarcega,MX,18.6089,-90.7454,73.09,92,98,5.61,overcast clouds
599,Cayenne,GF,4.9333,-52.3333,84.24,75,75,4.0,broken clouds
600,Bagru,IN,26.8088,75.5423,61.14,42,2,4.88,clear sky
601,Touros,BR,-5.1989,-35.4608,86.9,61,27,13.87,scattered clouds
602,Baie-Saint-Paul,CA,47.4411,-70.4986,14.99,48,22,1.3,few clouds
603,Svetlaya,RU,46.5389,138.3297,-1.01,70,12,10.4,few clouds
604,Champerico,GT,14.3,-91.9167,89.76,60,7,6.02,clear sky
605,Lisakovsk,KZ,52.5369,62.4936,19.08,90,81,14.05,broken clouds
606,Ossora,RU,59.2353,163.0719,28.56,97,100,11.3,snow
607,Kathu,TH,7.9178,98.3332,85.69,82,56,11.48,broken clouds
608,Erdaojiang,CN,41.7764,126.0319,-3.44,99,10,0.36,clear sky
609,Pemba,MZ,-12.974,40.5178,86.7,74,40,13.8,light rain
610,Plast,RU,54.3691,60.8136,13.33,80,100,11.88,overcast clouds
611,Newcastle,AU,-32.9272,151.7765,73.71,83,40,5.01,scattered clouds
612,Valparaiso,CL,-33.0393,-71.6273,77.23,60,0,6.91,clear sky
613,Jiamusi,CN,46.8333,130.35,-8.68,85,57,7.31,broken clouds
614,Kodinsk,RU,58.6881,99.1844,-2.13,100,93,3.04,overcast clouds
615,Ashland,US,40.8167,-82.2665,26.28,80,95,10.6,overcast clouds
616,Verkhnevilyuysk,RU,63.4453,120.3167,-45.74,100,99,1.52,overcast clouds
617,Benghazi,LY,32.1167,20.0667,61.86,75,3,9.24,clear sky
618,Bor,RU,56.3567,44.0669,10.33,100,85,2.08,overcast clouds
619,Olafsvik,IS,64.8945,-23.7142,28.11,72,96,6.31,overcast clouds
620,Ilulissat,GL,69.2167,-51.1,24.82,39,75,13.8,broken clouds
621,Prieska,ZA,-29.6641,22.7474,95.65,9,3,12.55,clear sky
622,Dongli,CN,23.5656,116.8194,57.18,94,7,2.24,clear sky
623,Onega,RU,63.9061,38.1404,-3.51,100,98,3.51,overcast clouds
624,Tarauaca,BR,-8.1614,-70.7656,91.94,46,19,5.79,few clouds
625,Chateauroux,FR,46.8167,1.7,54.55,94,75,12.66,light rain
626,Cabinda,AO,-5.55,12.2,86.14,70,20,8.05,few clouds
627,Letham,GB,56.6167,-2.7667,38.43,58,89,8.23,overcast clouds
628,Udachnyy,RU,66.4167,112.4,-46.55,80,64,1.34,broken clouds
629,Cubara,CO,7.0008,-72.1085,87.35,36,100,4.94,overcast clouds
630,Aurillac,FR,44.9167,2.45,52.05,84,75,4.61,broken clouds
631,Imbituba,BR,-28.24,-48.6703,89.49,70,98,7.58,overcast clouds
632,Gwanda,ZW,-20.9333,29.0,82.99,48,69,14.94,broken clouds
633,Paamiut,GL,61.994,-49.6678,28.92,95,100,2.21,snow
634,Itarema,BR,-2.9248,-39.9167,87.73,60,46,17.43,scattered clouds
635,Halifax,CA,44.6453,-63.5724,27.09,76,98,3.0,overcast clouds
636,Timra,SE,62.487,17.3257,28.11,100,90,0.0,overcast clouds
637,Kokopo,PG,-4.352,152.2633,77.23,86,100,6.89,light rain
638,Anchorage,US,61.2181,-149.9003,2.28,74,1,0.0,clear sky
639,Mezen,RU,65.8522,44.24,-0.47,96,99,7.2,overcast clouds
640,Caravelas,BR,-17.7125,-39.2481,84.4,57,100,9.4,overcast clouds
641,Alekseyevskoye,RU,55.3071,50.1135,9.28,99,55,7.16,broken clouds
642,Tlapacoyan,MX,19.9667,-97.2167,57.25,60,94,3.31,overcast clouds
643,Ampanihy,MG,-24.7,44.75,78.69,55,1,18.79,clear sky
644,Grand-Santi,GF,4.25,-54.3833,84.13,59,78,4.97,broken clouds
645,Frederikshavn,DK,57.4407,10.5366,45.99,84,99,20.29,overcast clouds
646,Jacareacanga,BR,-6.2222,-57.7528,81.09,89,87,3.87,overcast clouds
647,Cambridge,CA,43.3601,-80.3127,17.98,77,90,1.01,overcast clouds
648,Sal Rei,CV,16.1833,-22.9167,80.8,41,0,13.8,clear sky
649,Quelimane,MZ,-17.8786,36.8883,87.75,66,40,13.8,scattered clouds
650,Winnemucca,US,40.973,-117.7357,6.85,72,1,0.0,clear sky
651,Capitao Poco,BR,-1.7464,-47.0594,83.8,74,73,4.76,broken clouds
652,Kjollefjord,NO,70.9457,27.3465,19.45,69,100,20.94,light snow
653,Asfi,MA,32.2994,-9.2372,63.61,59,0,4.56,clear sky
654,Sao Teotonio,PT,37.5128,-8.7071,58.69,63,70,4.47,broken clouds
655,Nantucket,US,41.2835,-70.0995,38.14,77,100,27.27,overcast clouds
656,Gurupi,BR,-11.7292,-49.0686,79.16,83,95,5.86,overcast clouds
657,Mackenzie,CA,55.2999,-123.1698,-10.98,58,90,12.66,light snow
658,Calvinia,ZA,-31.4707,19.776,81.9,16,2,18.16,clear sky
659,Cap-Aux-Meules,CA,47.3821,-61.8597,21.25,73,75,19.57,broken clouds
660,Pathein,MM,16.7833,94.7333,71.13,81,2,5.17,clear sky
661,Hokitika,NZ,-42.7167,170.9667,59.9,89,100,2.33,overcast clouds
662,Acuitzio,MX,20.345,-101.9771,59.67,52,0,4.65,clear sky
663,Oistins,BB,13.0667,-59.5333,84.29,54,20,24.16,few clouds
664,Kudahuvadhoo,MV,2.6708,72.8944,81.39,78,81,9.8,broken clouds
665,Burns Lake,CA,54.2331,-125.7533,-2.78,95,100,5.75,light snow
666,Impfondo,CG,1.6381,18.0667,86.52,36,100,2.17,overcast clouds
667,Fairbanks,US,64.8378,-147.7164,-23.84,68,1,4.61,clear sky
668,Seguin,US,29.5688,-97.9647,45.72,72,1,1.01,clear sky
669,Westport,US,41.1415,-73.3579,31.96,58,100,1.99,snow
670,Shizunai,JP,42.3339,142.3669,24.85,61,98,29.86,overcast clouds
671,Nautla,MX,20.2167,-96.7833,60.93,51,94,14.43,overcast clouds
672,Jaguarari,BR,-10.2639,-40.1958,70.45,90,100,6.2,overcast clouds
673,Salekhard,RU,66.53,66.6019,-10.52,97,100,20.42,light snow
674,Kailua,US,21.4022,-157.7394,69.78,96,97,7.61,light rain
675,Onguday,RU,50.75,86.15,7.47,95,99,3.38,overcast clouds
676,Mildura,AU,-34.2,142.15,69.76,37,0,12.66,clear sky
677,Makasar,ID,-5.14,119.4221,77.05,100,40,5.75,scattered clouds
678,Nelson,NZ,-41.2833,173.2833,65.28,82,58,1.99,broken clouds
679,Sao Joao De Pirabas,BR,-0.7747,-47.1772,81.1,86,82,7.16,heavy intensity rain
680,Kharan,PK,28.5833,65.4167,64.11,48,100,1.16,overcast clouds
681,Atambua,ID,-9.1061,124.8925,74.89,91,94,0.81,overcast clouds
682,Abu Samrah,SY,35.3029,37.1841,49.78,47,0,5.57,clear sky
